{"Items":[{"Position":{"x":492.4461364746094,"y":-176.35569763183595},"Color":{"r":0.47539377212524416,"g":0.0,"b":1.0,"a":1.0}},{"Position":{"x":500.9557189941406,"y":83.64430236816406},"Color":{"r":0.0219632089138031,"g":0.7452830076217651,"b":0.01757742650806904,"a":1.0}}]}